city_name,psgc,month_year,reported_active_flood_days
Batangas City,401005000,2022-10,5
Batangas City,401005000,2022-11,1
Batangas City,401005000,2024-01,2
Batangas City,401005000,2024-07,3
Batangas City,401005000,2024-10,5
Batangas City,401005000,2025-07,1
Batangas City,401005000,2025-09,1
City of Alaminos,105503000,2022-08,3
City of Alaminos,105503000,2023-07,2
City of Alaminos,105503000,2024-07,1
City of Alaminos,105503000,2025-07,5
City of Angeles,330100000,2023-07,1
City of Angeles,330100000,2024-07,3
City of Angeles,330100000,2024-09,1
City of Angeles,330100000,2024-10,1
City of Angeles,330100000,2025-06,1
City of Angeles,330100000,2025-07,3
City of Angeles,330100000,2025-09,1
City of Angeles,330100000,2025-12,1
City of Antipolo,405802000,2022-04,3
City of Antipolo,405802000,2022-09,4
City of Antipolo,405802000,2022-10,1
City of Antipolo,405802000,2022-12,2
City of Antipolo,405802000,2023-07,2
City of Antipolo,405802000,2023-08,1
City of Antipolo,405802000,2024-07,7
City of Antipolo,405802000,2024-08,1
City of Antipolo,405802000,2024-09,3
City of Antipolo,405802000,2024-10,4
City of Antipolo,405802000,2025-03,1
City of Antipolo,405802000,2025-04,1
City of Antipolo,405802000,2025-06,1
City of Antipolo,405802000,2025-07,7
City of Antipolo,405802000,2025-08,3
City of Bacolod,630200000,2022-03,3
City of Bacolod,630200000,2022-04,2
City of Bacolod,630200000,2022-07,3
City of Bacolod,630200000,2022-09,1
City of Bacolod,630200000,2022-10,7
City of Bacolod,630200000,2022-11,1
City of Bacolod,630200000,2023-01,2
City of Bacolod,630200000,2023-04,1
City of Bacolod,630200000,2023-05,2
City of Bacolod,630200000,2023-07,7
City of Bacolod,630200000,2023-08,5
City of Bacolod,630200000,2024-06,2
City of Bacolod,630200000,2024-07,2
City of Bacolod,630200000,2024-09,7
City of Bacolod,630200000,2024-10,7
City of Bacolod,630200000,2024-11,1
City of Bacolod,630200000,2024-12,3
City of Bacolod,630200000,2025-06,4
City of Bacolod,630200000,2025-07,12
City of Bacolod,630200000,2025-08,1
City of Bacolod,630200000,2025-09,3
City of Bacolod,630200000,2025-10,6
City of Bacolod,630200000,2025-11,11
City of Bacoor,402103000,2022-10,3
City of Bacoor,402103000,2024-05,1
City of Bacoor,402103000,2024-07,2
City of Bacoor,402103000,2024-09,4
City of Bacoor,402103000,2024-10,2
City of Bacoor,402103000,2025-07,8
City of Bacoor,402103000,2025-09,2
City of Bacoor,402103000,2025-11,2
City of Bago,604502000,2022-10,3
City of Bago,604502000,2023-07,3
City of Bago,604502000,2023-08,5
City of Bago,604502000,2023-09,2
City of Bago,604502000,2023-10,2
City of Bago,604502000,2024-07,5
City of Bago,604502000,2024-09,4
City of Bago,604502000,2024-10,7
City of Bago,604502000,2025-01,1
City of Bago,604502000,2025-06,1
City of Bago,604502000,2025-07,10
City of Bago,604502000,2025-08,1
City of Bago,604502000,2025-09,2
City of Bago,604502000,2025-11,6
City of Baguio,1430300000,2022-08,1
City of Baguio,1430300000,2022-11,1
City of Baguio,1430300000,2023-05,2
City of Baguio,1430300000,2023-06,2
City of Baguio,1430300000,2023-07,2
City of Baguio,1430300000,2023-09,1
City of Baguio,1430300000,2023-12,1
City of Baguio,1430300000,2024-02,1
City of Baguio,1430300000,2024-03,1
City of Baguio,1430300000,2024-07,2
City of Baguio,1430300000,2024-08,1
City of Baguio,1430300000,2024-09,3
City of Baguio,1430300000,2024-10,5
City of Baguio,1430300000,2025-07,6
City of Baguio,1430300000,2025-09,2
City of Baguio,1430300000,2025-10,3
City of Baguio,1430300000,2025-11,2
City of Bais,704604000,2025-07,1
City of Bais,704604000,2025-09,1
City of Bais,704604000,2025-11,2
City of Balanga,300803000,2022-04,6
City of Balanga,300803000,2022-09,1
City of Balanga,300803000,2023-07,1
City of Balanga,300803000,2024-10,2
City of Balanga,300803000,2025-10,1
City of Baliwag,301403000,2023-01,4
City of Baliwag,301403000,2024-07,3
City of Baliwag,301403000,2024-09,3
City of Baliwag,301403000,2025-07,2
City of Baliwag,301403000,2025-08,1
City of Baliwag,301403000,2025-09,5
City of Batac,102805000,2022-08,3
City of Batac,102805000,2023-07,2
City of Batac,102805000,2023-08,3
City of Batac,102805000,2024-09,2
City of Batac,102805000,2024-10,2
City of Bayawan,704606000,2024-09,2
City of Bayawan,704606000,2024-10,1
City of Bayawan,704606000,2025-11,3
City of Baybay,803708000,2022-04,12
City of Baybay,803708000,2022-11,3
City of Baybay,803708000,2022-12,1
City of Baybay,803708000,2023-01,2
City of Baybay,803708000,2024-07,3
City of Baybay,803708000,2024-12,2
City of Baybay,803708000,2025-04,1
City of Baybay,803708000,2025-08,3
City of Baybay,803708000,2025-09,2
City of Baybay,803708000,2025-11,1
City of Bayugan,1600301000,2024-01,2
City of Bayugan,1600301000,2024-02,1
City of Bislig,1606803000,2022-12,1
City of Bislig,1606803000,2024-01,3
City of Biñan,403403000,2022-10,3
City of Biñan,403403000,2022-11,3
City of Biñan,403403000,2023-01,2
City of Biñan,403403000,2024-07,1
City of Biñan,403403000,2024-10,5
City of Biñan,403403000,2024-11,4
City of Biñan,403403000,2025-07,4
City of Biñan,403403000,2025-09,3
City of Bogo,702211000,2022-08,5
City of Bogo,702211000,2024-07,2
City of Bogo,702211000,2024-09,2
City of Bogo,702211000,2025-09,1
City of Bogo,702211000,2025-10,3
City of Bogo,702211000,2025-11,8
City of Borongan,802604000,2022-04,4
City of Borongan,802604000,2022-09,2
City of Borongan,802604000,2022-12,5
City of Borongan,802604000,2023-01,7
City of Borongan,802604000,2023-02,7
City of Borongan,802604000,2023-11,3
City of Borongan,802604000,2024-05,3
City of Borongan,802604000,2024-09,5
City of Borongan,802604000,2024-10,4
City of Borongan,802604000,2024-11,3
City of Borongan,802604000,2024-12,2
City of Borongan,802604000,2025-01,4
City of Borongan,802604000,2025-02,2
City of Borongan,802604000,2025-03,7
City of Borongan,802604000,2025-04,3
City of Borongan,802604000,2025-09,8
City of Borongan,802604000,2025-10,3
City of Borongan,802604000,2025-11,8
City of Borongan,802604000,2025-12,2
City of Butuan,1630400000,2022-04,3
City of Butuan,1630400000,2022-12,5
City of Butuan,1630400000,2023-01,2
City of Butuan,1630400000,2023-02,3
City of Butuan,1630400000,2024-02,8
City of Butuan,1630400000,2024-07,1
City of Butuan,1630400000,2024-11,1
City of Butuan,1630400000,2025-07,2
City of Butuan,1630400000,2025-08,1
City of Butuan,1630400000,2025-09,2
City of Butuan,1630400000,2025-11,7
City of Cabadbaran,1600203000,2022-12,6
City of Cabadbaran,1600203000,2023-01,2
City of Cabadbaran,1600203000,2023-02,1
City of Cabadbaran,1600203000,2024-02,3
City of Cabadbaran,1600203000,2025-11,5
City of Cabanatuan,304903000,2022-09,2
City of Cabanatuan,304903000,2024-07,2
City of Cabanatuan,304903000,2024-09,3
City of Cabanatuan,304903000,2024-10,2
City of Cabanatuan,304903000,2024-11,2
City of Cabanatuan,304903000,2025-07,4
City of Cabanatuan,304903000,2025-10,1
City of Cabanatuan,304903000,2025-11,4
City of Cabuyao,403404000,2022-09,1
City of Cabuyao,403404000,2022-10,1
City of Cabuyao,403404000,2023-01,1
City of Cabuyao,403404000,2024-10,1
City of Cadiz,604504000,2022-04,2
City of Cadiz,604504000,2022-12,1
City of Cadiz,604504000,2023-01,2
City of Cadiz,604504000,2023-07,3
City of Cadiz,604504000,2024-10,7
City of Cadiz,604504000,2024-12,4
City of Cadiz,604504000,2025-01,3
City of Cadiz,604504000,2025-02,1
City of Cadiz,604504000,2025-06,1
City of Cagayan De Oro,1030500000,2022-04,2
City of Cagayan De Oro,1030500000,2022-10,7
City of Cagayan De Oro,1030500000,2022-12,4
City of Cagayan De Oro,1030500000,2023-08,2
City of Cagayan De Oro,1030500000,2024-07,3
City of Cagayan De Oro,1030500000,2024-08,1
City of Cagayan De Oro,1030500000,2024-10,2
City of Cagayan De Oro,1030500000,2025-01,1
City of Cagayan De Oro,1030500000,2025-06,3
City of Cagayan De Oro,1030500000,2025-08,1
City of Cagayan De Oro,1030500000,2025-10,6
City of Cagayan De Oro,1030500000,2025-11,4
City of Calaca,401007000,2024-10,1
City of Calaca,401007000,2025-07,3
City of Calaca,401007000,2025-10,1
City of Calamba,403405000,2022-06,1
City of Calamba,403405000,2022-11,1
City of Calamba,403405000,2024-07,1
City of Calamba,403405000,2024-10,1
City of Calamba,403405000,2025-06,2
City of Calamba,403405000,2025-07,5
City of Calamba,403405000,2025-09,2
City of Calapan,1705205000,2023-01,8
City of Calapan,1705205000,2023-07,1
City of Calapan,1705205000,2024-05,2
City of Calapan,1705205000,2024-07,1
City of Calapan,1705205000,2024-10,1
City of Calapan,1705205000,2024-12,6
City of Calapan,1705205000,2025-01,1
City of Calapan,1705205000,2025-02,5
City of Calapan,1705205000,2025-07,4
City of Calapan,1705205000,2025-09,1
City of Calapan,1705205000,2025-11,1
City of Calbayog,806003000,2022-04,3
City of Calbayog,806003000,2023-02,7
City of Calbayog,806003000,2023-08,1
City of Calbayog,806003000,2023-11,6
City of Calbayog,806003000,2024-10,3
City of Calbayog,806003000,2024-11,1
City of Calbayog,806003000,2025-07,1
City of Calbayog,806003000,2025-10,2
City of Calbayog,806003000,2025-11,1
City of Caloocan,1380100000,2022-06,1
City of Caloocan,1380100000,2022-07,1
City of Caloocan,1380100000,2022-08,2
City of Caloocan,1380100000,2022-09,1
City of Caloocan,1380100000,2022-10,1
City of Caloocan,1380100000,2023-05,1
City of Caloocan,1380100000,2023-07,4
City of Caloocan,1380100000,2023-08,1
City of Caloocan,1380100000,2023-09,1
City of Caloocan,1380100000,2023-10,1
City of Caloocan,1380100000,2024-07,11
City of Caloocan,1380100000,2024-08,2
City of Caloocan,1380100000,2024-09,4
City of Caloocan,1380100000,2024-12,1
City of Caloocan,1380100000,2025-06,1
City of Caloocan,1380100000,2025-07,12
City of Caloocan,1380100000,2025-08,7
City of Caloocan,1380100000,2025-09,5
City of Caloocan,1380100000,2025-11,1
City of Candon,102906000,2025-01,2
City of Candon,102906000,2025-07,2
City of Candon,102906000,2025-09,2
City of Canlaon,704608000,2024-06,1
City of Canlaon,704608000,2024-09,2
City of Canlaon,704608000,2024-11,3
City of Canlaon,704608000,2025-02,3
City of Canlaon,704608000,2025-05,2
City of Canlaon,704608000,2025-08,3
City of Canlaon,704608000,2025-09,6
City of Canlaon,704608000,2025-10,5
City of Canlaon,704608000,2025-11,14
City of Carcar,702214000,2022-07,1
City of Carcar,702214000,2022-08,2
City of Carcar,702214000,2024-06,2
City of Carcar,702214000,2025-11,3
City of Carmona,402104000,2024-07,1
City of Carmona,402104000,2024-10,2
City of Catbalogan,806005000,2023-01,6
City of Catbalogan,806005000,2023-07,1
City of Catbalogan,806005000,2023-11,3
City of Catbalogan,806005000,2024-10,2
City of Catbalogan,806005000,2024-11,4
City of Catbalogan,806005000,2025-09,3
City of Catbalogan,806005000,2025-11,6
City of Cauayan,203108000,2022-10,2
City of Cauayan,203108000,2022-11,2
City of Cauayan,203108000,2024-09,2
City of Cauayan,203108000,2024-10,2
City of Cauayan,203108000,2024-11,7
City of Cauayan,203108000,2025-07,1
City of Cauayan,203108000,2025-09,1
City of Cauayan,203108000,2025-11,5
City of Cavite,402105000,2022-10,5
City of Cavite,402105000,2023-07,1
City of Cavite,402105000,2024-07,3
City of Cavite,402105000,2024-09,5
City of Cavite,402105000,2024-10,4
City of Cavite,402105000,2025-07,5
City of Cebu,730600000,2022-03,1
City of Cebu,730600000,2022-04,9
City of Cebu,730600000,2022-07,5
City of Cebu,730600000,2022-08,13
City of Cebu,730600000,2022-09,6
City of Cebu,730600000,2022-10,6
City of Cebu,730600000,2022-11,1
City of Cebu,730600000,2022-12,1
City of Cebu,730600000,2023-03,1
City of Cebu,730600000,2023-04,1
City of Cebu,730600000,2023-05,2
City of Cebu,730600000,2023-07,3
City of Cebu,730600000,2023-08,3
City of Cebu,730600000,2023-09,6
City of Cebu,730600000,2023-10,1
City of Cebu,730600000,2024-04,2
City of Cebu,730600000,2024-05,2
City of Cebu,730600000,2024-06,4
City of Cebu,730600000,2024-07,13
City of Cebu,730600000,2024-08,5
City of Cebu,730600000,2024-09,9
City of Cebu,730600000,2024-10,8
City of Cebu,730600000,2024-11,12
City of Cebu,730600000,2024-12,3
City of Cebu,730600000,2025-01,11
City of Cebu,730600000,2025-02,1
City of Cebu,730600000,2025-04,5
City of Cebu,730600000,2025-05,7
City of Cebu,730600000,2025-06,10
City of Cebu,730600000,2025-07,11
City of Cebu,730600000,2025-08,10
City of Cebu,730600000,2025-09,10
City of Cebu,730600000,2025-10,9
City of Cebu,730600000,2025-11,22
City of Cebu,730600000,2025-12,3
City of Cotabato,1908703000,2022-10,5
City of Cotabato,1908703000,2023-05,3
City of Cotabato,1908703000,2023-06,1
City of Cotabato,1908703000,2024-07,12
City of Cotabato,1908703000,2024-09,3
City of Cotabato,1908703000,2024-10,5
City of Cotabato,1908703000,2024-11,1
City of Cotabato,1908703000,2025-05,1
City of Cotabato,1908703000,2025-07,3
City of Cotabato,1908703000,2025-08,3
City of Dagupan,105518000,2022-07,4
City of Dagupan,105518000,2022-08,3
City of Dagupan,105518000,2022-09,4
City of Dagupan,105518000,2023-05,1
City of Dagupan,105518000,2023-06,1
City of Dagupan,105518000,2023-07,5
City of Dagupan,105518000,2023-08,7
City of Dagupan,105518000,2023-09,3
City of Dagupan,105518000,2024-01,1
City of Dagupan,105518000,2024-05,2
City of Dagupan,105518000,2024-07,9
City of Dagupan,105518000,2024-08,1
City of Dagupan,105518000,2024-09,14
City of Dagupan,105518000,2024-10,3
City of Dagupan,105518000,2024-11,6
City of Dagupan,105518000,2025-06,2
City of Dagupan,105518000,2025-07,10
City of Dagupan,105518000,2025-08,5
City of Dagupan,105518000,2025-09,2
City of Dagupan,105518000,2025-10,2
City of Dagupan,105518000,2025-11,4
City of Dapitan,907201000,2022-03,4
City of Dapitan,907201000,2022-12,4
City of Dapitan,907201000,2023-01,3
City of Dapitan,907201000,2025-06,1
City of Dasmariñas,402106000,2022-09,1
City of Dasmariñas,402106000,2024-07,1
City of Dasmariñas,402106000,2024-09,1
City of Dasmariñas,402106000,2024-10,1
City of Dasmariñas,402106000,2025-02,4
City of Dasmariñas,402106000,2025-06,4
City of Dasmariñas,402106000,2025-07,1
City of Dasmariñas,402106000,2025-09,2
City of Davao,1130700000,2022-03,2
City of Davao,1130700000,2022-04,6
City of Davao,1130700000,2022-05,3
City of Davao,1130700000,2022-06,2
City of Davao,1130700000,2022-07,2
City of Davao,1130700000,2022-08,3
City of Davao,1130700000,2022-09,1
City of Davao,1130700000,2022-11,1
City of Davao,1130700000,2022-12,2
City of Davao,1130700000,2023-01,1
City of Davao,1130700000,2023-02,2
City of Davao,1130700000,2023-04,1
City of Davao,1130700000,2023-05,1
City of Davao,1130700000,2023-06,3
City of Davao,1130700000,2023-07,1
City of Davao,1130700000,2023-09,5
City of Davao,1130700000,2023-11,6
City of Davao,1130700000,2023-12,3
City of Davao,1130700000,2024-01,13
City of Davao,1130700000,2024-02,9
City of Davao,1130700000,2024-03,1
City of Davao,1130700000,2024-05,2
City of Davao,1130700000,2024-06,1
City of Davao,1130700000,2024-07,5
City of Davao,1130700000,2024-08,2
City of Davao,1130700000,2024-09,5
City of Davao,1130700000,2024-10,3
City of Davao,1130700000,2024-12,3
City of Davao,1130700000,2025-01,2
City of Davao,1130700000,2025-05,5
City of Davao,1130700000,2025-06,3
City of Davao,1130700000,2025-07,1
City of Davao,1130700000,2025-08,3
City of Davao,1130700000,2025-09,3
City of Davao,1130700000,2025-10,1
City of Davao,1130700000,2025-11,2
City of Digos,1102403000,2022-07,1
City of Digos,1102403000,2023-06,2
City of Digos,1102403000,2023-09,1
City of Digos,1102403000,2024-12,1
City of Dipolog,907202000,2022-03,4
City of Dipolog,907202000,2023-01,4
City of Dipolog,907202000,2024-11,3
City of Dipolog,907202000,2025-05,3
City of Dipolog,907202000,2025-11,1
City of Dumaguete,704610000,2022-08,1
City of Dumaguete,704610000,2022-10,1
City of Dumaguete,704610000,2022-12,1
City of Dumaguete,704610000,2023-07,2
City of Dumaguete,704610000,2025-03,1
City of Dumaguete,704610000,2025-11,2
City of El Salvador,1004307000,2022-03,2
City of El Salvador,1004307000,2022-12,4
City of El Salvador,1004307000,2023-01,2
City of El Salvador,1004307000,2025-11,1
City of Escalante,604509000,2022-04,2
City of Escalante,604509000,2023-01,2
City of Escalante,604509000,2024-10,5
City of Escalante,604509000,2024-12,1
City of Escalante,604509000,2025-11,1
City of Gapan,304908000,2022-09,2
City of Gapan,304908000,2023-05,1
City of General Santos,1230800000,2022-04,2
City of General Santos,1230800000,2022-11,2
City of General Santos,1230800000,2023-01,1
City of General Santos,1230800000,2023-09,1
City of General Santos,1230800000,2024-12,2
City of General Santos,1230800000,2025-06,1
City of General Santos,1230800000,2025-07,1
City of General Santos,1230800000,2025-08,1
City of General Santos,1230800000,2025-09,2
City of General Trias,402108000,2022-10,2
City of General Trias,402108000,2024-07,2
City of General Trias,402108000,2024-10,1
City of General Trias,402108000,2025-07,1
City of Gingoog,1004308000,2022-12,4
City of Gingoog,1004308000,2024-12,1
City of Gingoog,1004308000,2025-11,1
City of Guihulngan,704611000,2022-08,2
City of Guihulngan,704611000,2022-10,2
City of Guihulngan,704611000,2022-12,1
City of Guihulngan,704611000,2023-01,2
City of Guihulngan,704611000,2025-09,6
City of Guihulngan,704611000,2025-11,5
City of Himamaylan,604510000,2023-05,2
City of Himamaylan,604510000,2023-08,3
City of Himamaylan,604510000,2023-09,1
City of Himamaylan,604510000,2024-09,3
City of Himamaylan,604510000,2025-07,9
City of Himamaylan,604510000,2025-11,6
City of Ilagan,203114000,2022-08,2
City of Ilagan,203114000,2022-10,4
City of Ilagan,203114000,2022-11,3
City of Ilagan,203114000,2023-01,1
City of Ilagan,203114000,2023-07,1
City of Ilagan,203114000,2023-08,1
City of Ilagan,203114000,2024-01,1
City of Ilagan,203114000,2024-03,3
City of Ilagan,203114000,2024-07,1
City of Ilagan,203114000,2024-08,1
City of Ilagan,203114000,2024-09,1
City of Ilagan,203114000,2024-10,4
City of Ilagan,203114000,2024-11,11
City of Ilagan,203114000,2025-08,2
City of Ilagan,203114000,2025-10,1
City of Ilagan,203114000,2025-11,4
City of Iligan,1030900000,2022-03,3
City of Iligan,1030900000,2022-07,3
City of Iligan,1030900000,2022-12,6
City of Iligan,1030900000,2023-11,3
City of Iligan,1030900000,2024-08,1
City of Iligan,1030900000,2024-11,1
City of Iligan,1030900000,2025-08,1
City of Iligan,1030900000,2025-09,4
City of Iligan,1030900000,2025-11,5
City of Iloilo,631000000,2022-04,7
City of Iloilo,631000000,2022-07,1
City of Iloilo,631000000,2022-10,3
City of Iloilo,631000000,2023-05,5
City of Iloilo,631000000,2023-06,2
City of Iloilo,631000000,2023-07,7
City of Iloilo,631000000,2023-08,4
City of Iloilo,631000000,2024-03,2
City of Iloilo,631000000,2024-06,2
City of Iloilo,631000000,2024-07,7
City of Iloilo,631000000,2024-08,1
City of Iloilo,631000000,2024-09,7
City of Iloilo,631000000,2024-10,2
City of Iloilo,631000000,2024-11,1
City of Iloilo,631000000,2025-05,4
City of Iloilo,631000000,2025-07,21
City of Iloilo,631000000,2025-09,10
City of Iloilo,631000000,2025-10,4
City of Iloilo,631000000,2025-11,2
City of Iloilo,631000000,2025-12,1
City of Imus,402109000,2022-10,1
City of Imus,402109000,2024-07,5
City of Imus,402109000,2024-09,1
City of Imus,402109000,2025-06,3
City of Imus,402109000,2025-07,4
City of Imus,402109000,2025-08,1
City of Imus,402109000,2025-09,1
City of Iriga,501716000,2022-08,1
City of Iriga,501716000,2024-10,6
City of Iriga,501716000,2024-11,3
City of Iriga,501716000,2025-06,1
City of Iriga,501716000,2025-07,1
City of Iriga,501716000,2025-11,2
City of Isabela,990101000,2022-10,4
City of Isabela,990101000,2022-11,3
City of Isabela,990101000,2022-12,3
City of Isabela,990101000,2023-01,2
City of Isabela,990101000,2023-09,1
City of Isabela,990101000,2024-06,1
City of Isabela,990101000,2024-07,6
City of Isabela,990101000,2024-09,2
City of Isabela,990101000,2024-11,1
City of Isabela,990101000,2025-05,9
City of Isabela,990101000,2025-07,1
City of Kabankalan,604515000,2022-10,3
City of Kabankalan,604515000,2024-08,1
City of Kabankalan,604515000,2024-09,8
City of Kabankalan,604515000,2025-07,9
City of Kabankalan,604515000,2025-08,4
City of Kabankalan,604515000,2025-11,2
City of Kidapawan,1204704000,2022-07,1
City of Kidapawan,1204704000,2024-01,2
City of Kidapawan,1204704000,2024-10,2
City of Koronadal,1206306000,2022-05,1
City of Koronadal,1206306000,2022-07,1
City of Koronadal,1206306000,2023-01,2
City of Koronadal,1206306000,2023-02,1
City of Koronadal,1206306000,2023-05,5
City of Koronadal,1206306000,2023-06,2
City of Koronadal,1206306000,2023-09,3
City of Koronadal,1206306000,2023-11,1
City of Koronadal,1206306000,2025-01,2
City of Koronadal,1206306000,2025-05,7
City of Koronadal,1206306000,2025-06,1
City of Koronadal,1206306000,2025-10,1
City of La Carlota,604516000,2023-03,1
City of La Carlota,604516000,2023-08,3
City of La Carlota,604516000,2023-09,1
City of La Carlota,604516000,2024-06,1
City of La Carlota,604516000,2024-08,1
City of La Carlota,604516000,2024-09,1
City of La Carlota,604516000,2024-10,5
City of La Carlota,604516000,2025-07,7
City of La Carlota,604516000,2025-09,2
City of La Carlota,604516000,2025-11,2
City of Lamitan,1900702000,2022-12,3
City of Lamitan,1900702000,2023-01,4
City of Lamitan,1900702000,2024-07,4
City of Lamitan,1900702000,2025-06,1
City of Laoag,102812000,2022-08,3
City of Laoag,102812000,2022-10,1
City of Laoag,102812000,2023-07,4
City of Laoag,102812000,2023-08,3
City of Laoag,102812000,2024-07,2
City of Laoag,102812000,2024-08,1
City of Laoag,102812000,2024-09,4
City of Laoag,102812000,2024-10,2
City of Laoag,102812000,2025-10,1
City of Lapu-Lapu,731100000,2022-04,5
City of Lapu-Lapu,731100000,2022-08,5
City of Lapu-Lapu,731100000,2022-09,1
City of Lapu-Lapu,731100000,2024-04,2
City of Lapu-Lapu,731100000,2024-07,2
City of Lapu-Lapu,731100000,2024-10,1
City of Lapu-Lapu,731100000,2024-11,2
City of Lapu-Lapu,731100000,2024-12,1
City of Lapu-Lapu,731100000,2025-07,5
City of Lapu-Lapu,731100000,2025-08,3
City of Lapu-Lapu,731100000,2025-11,4
City of Lapu-Lapu,731100000,2025-12,1
City of Las Piñas,1380200000,2022-09,2
City of Las Piñas,1380200000,2022-10,4
City of Las Piñas,1380200000,2023-07,2
City of Las Piñas,1380200000,2024-07,4
City of Las Piñas,1380200000,2024-09,5
City of Las Piñas,1380200000,2024-10,1
City of Las Piñas,1380200000,2025-07,13
City of Las Piñas,1380200000,2025-08,3
City of Las Piñas,1380200000,2025-09,4
City of Legazpi,500506000,2022-07,1
City of Legazpi,500506000,2022-08,1
City of Legazpi,500506000,2022-10,1
City of Legazpi,500506000,2023-02,1
City of Legazpi,500506000,2023-10,1
City of Legazpi,500506000,2024-10,6
City of Legazpi,500506000,2024-11,6
City of Legazpi,500506000,2024-12,1
City of Legazpi,500506000,2025-01,4
City of Legazpi,500506000,2025-02,1
City of Legazpi,500506000,2025-07,6
City of Legazpi,500506000,2025-11,3
City of Legazpi,500506000,2025-12,3
City of Ligao,500508000,2022-07,1
City of Ligao,500508000,2022-10,3
City of Ligao,500508000,2022-12,6
City of Ligao,500508000,2023-01,2
City of Ligao,500508000,2023-04,2
City of Ligao,500508000,2023-10,2
City of Ligao,500508000,2024-05,5
City of Ligao,500508000,2024-07,2
City of Ligao,500508000,2024-09,5
City of Ligao,500508000,2024-10,5
City of Ligao,500508000,2024-11,1
City of Ligao,500508000,2024-12,1
City of Ligao,500508000,2025-02,1
City of Ligao,500508000,2025-03,2
City of Ligao,500508000,2025-07,5
City of Ligao,500508000,2025-08,3
City of Ligao,500508000,2025-10,3
City of Ligao,500508000,2025-11,12
City of Lipa,401014000,2024-10,3
City of Lucena,431200000,2022-06,1
City of Lucena,431200000,2022-10,3
City of Lucena,431200000,2022-11,1
City of Lucena,431200000,2023-11,2
City of Lucena,431200000,2024-03,1
City of Lucena,431200000,2024-05,7
City of Lucena,431200000,2025-07,1
City of Lucena,431200000,2025-09,4
City of Maasin,806407000,2023-01,4
City of Maasin,806407000,2024-04,2
City of Maasin,806407000,2024-10,1
City of Maasin,806407000,2024-11,2
City of Maasin,806407000,2025-04,1
City of Maasin,806407000,2025-09,3
City of Maasin,806407000,2025-11,4
City of Makati,1380300000,2022-04,1
City of Makati,1380300000,2022-07,2
City of Makati,1380300000,2022-10,2
City of Makati,1380300000,2022-11,1
City of Makati,1380300000,2023-06,4
City of Makati,1380300000,2023-07,3
City of Makati,1380300000,2023-08,1
City of Makati,1380300000,2023-09,1
City of Makati,1380300000,2023-11,3
City of Makati,1380300000,2023-12,1
City of Makati,1380300000,2024-01,3
City of Makati,1380300000,2024-04,1
City of Makati,1380300000,2024-07,6
City of Makati,1380300000,2024-09,4
City of Makati,1380300000,2024-10,3
City of Makati,1380300000,2024-12,1
City of Makati,1380300000,2025-04,1
City of Makati,1380300000,2025-06,1
City of Makati,1380300000,2025-07,6
City of Makati,1380300000,2025-08,4
City of Makati,1380300000,2025-09,3
City of Makati,1380300000,2025-10,1
City of Makati,1380300000,2025-11,2
City of Malabon,1380400000,2022-07,2
City of Malabon,1380400000,2022-08,2
City of Malabon,1380400000,2022-09,4
City of Malabon,1380400000,2023-05,1
City of Malabon,1380400000,2023-06,2
City of Malabon,1380400000,2023-07,4
City of Malabon,1380400000,2023-08,1
City of Malabon,1380400000,2023-09,4
City of Malabon,1380400000,2024-06,5
City of Malabon,1380400000,2024-07,9
City of Malabon,1380400000,2024-08,4
City of Malabon,1380400000,2024-09,5
City of Malabon,1380400000,2024-10,4
City of Malabon,1380400000,2024-11,1
City of Malabon,1380400000,2024-12,2
City of Malabon,1380400000,2025-06,11
City of Malabon,1380400000,2025-07,16
City of Malabon,1380400000,2025-08,5
City of Malabon,1380400000,2025-09,6
City of Malabon,1380400000,2025-11,2
City of Malaybalay,1001312000,2022-12,1
City of Malaybalay,1001312000,2023-06,1
City of Malaybalay,1001312000,2024-07,3
City of Malaybalay,1001312000,2025-06,2
City of Malaybalay,1001312000,2025-09,2
City of Malolos,301410000,2022-07,4
City of Malolos,301410000,2022-09,2
City of Malolos,301410000,2022-10,2
City of Malolos,301410000,2022-11,2
City of Malolos,301410000,2023-07,5
City of Malolos,301410000,2023-08,5
City of Malolos,301410000,2023-09,3
City of Malolos,301410000,2024-05,2
City of Malolos,301410000,2024-07,2
City of Malolos,301410000,2024-09,3
City of Malolos,301410000,2024-10,4
City of Malolos,301410000,2024-11,3
City of Malolos,301410000,2025-06,2
City of Malolos,301410000,2025-07,4
City of Malolos,301410000,2025-08,3
City of Malolos,301410000,2025-09,1
City of Malolos,301410000,2025-11,3
City of Mandaluyong,1380500000,2022-05,1
City of Mandaluyong,1380500000,2022-07,2
City of Mandaluyong,1380500000,2022-08,3
City of Mandaluyong,1380500000,2022-09,6
City of Mandaluyong,1380500000,2022-10,4
City of Mandaluyong,1380500000,2022-12,1
City of Mandaluyong,1380500000,2023-01,2
City of Mandaluyong,1380500000,2023-04,2
City of Mandaluyong,1380500000,2023-07,4
City of Mandaluyong,1380500000,2023-08,6
City of Mandaluyong,1380500000,2023-09,5
City of Mandaluyong,1380500000,2024-02,2
City of Mandaluyong,1380500000,2024-05,3
City of Mandaluyong,1380500000,2024-06,1
City of Mandaluyong,1380500000,2024-07,6
City of Mandaluyong,1380500000,2024-08,2
City of Mandaluyong,1380500000,2024-09,6
City of Mandaluyong,1380500000,2024-10,6
City of Mandaluyong,1380500000,2024-11,1
City of Mandaluyong,1380500000,2024-12,1
City of Mandaluyong,1380500000,2025-06,7
City of Mandaluyong,1380500000,2025-07,12
City of Mandaluyong,1380500000,2025-08,11
City of Mandaluyong,1380500000,2025-09,14
City of Mandaluyong,1380500000,2025-10,3
City of Mandaluyong,1380500000,2025-11,5
City of Mandaue,731300000,2022-04,1
City of Mandaue,731300000,2022-08,8
City of Mandaue,731300000,2022-09,3
City of Mandaue,731300000,2022-10,2
City of Mandaue,731300000,2022-12,2
City of Mandaue,731300000,2023-05,1
City of Mandaue,731300000,2023-09,6
City of Mandaue,731300000,2023-10,1
City of Mandaue,731300000,2024-06,2
City of Mandaue,731300000,2024-07,6
City of Mandaue,731300000,2024-08,4
City of Mandaue,731300000,2024-09,1
City of Mandaue,731300000,2024-10,1
City of Mandaue,731300000,2024-11,4
City of Mandaue,731300000,2024-12,1
City of Mandaue,731300000,2025-01,3
City of Mandaue,731300000,2025-02,3
City of Mandaue,731300000,2025-06,2
City of Mandaue,731300000,2025-07,7
City of Mandaue,731300000,2025-08,9
City of Mandaue,731300000,2025-09,2
City of Mandaue,731300000,2025-10,5
City of Mandaue,731300000,2025-11,15
City of Manila,1380600000,2022-01,1
City of Manila,1380600000,2022-02,4
City of Manila,1380600000,2022-03,3
City of Manila,1380600000,2022-04,3
City of Manila,1380600000,2022-06,4
City of Manila,1380600000,2022-07,2
City of Manila,1380600000,2022-08,13
City of Manila,1380600000,2022-09,8
City of Manila,1380600000,2022-10,8
City of Manila,1380600000,2022-11,1
City of Manila,1380600000,2022-12,5
City of Manila,1380600000,2023-01,3
City of Manila,1380600000,2023-04,2
City of Manila,1380600000,2023-05,7
City of Manila,1380600000,2023-06,2
City of Manila,1380600000,2023-07,5
City of Manila,1380600000,2023-08,5
City of Manila,1380600000,2023-09,6
City of Manila,1380600000,2023-10,1
City of Manila,1380600000,2023-12,2
City of Manila,1380600000,2024-02,2
City of Manila,1380600000,2024-03,7
City of Manila,1380600000,2024-05,7
City of Manila,1380600000,2024-07,14
City of Manila,1380600000,2024-08,7
City of Manila,1380600000,2024-09,6
City of Manila,1380600000,2024-10,9
City of Manila,1380600000,2024-11,6
City of Manila,1380600000,2024-12,1
City of Manila,1380600000,2025-01,1
City of Manila,1380600000,2025-02,1
City of Manila,1380600000,2025-03,5
City of Manila,1380600000,2025-04,3
City of Manila,1380600000,2025-05,6
City of Manila,1380600000,2025-06,6
City of Manila,1380600000,2025-07,22
City of Manila,1380600000,2025-08,12
City of Manila,1380600000,2025-09,11
City of Manila,1380600000,2025-10,5
City of Manila,1380600000,2025-11,9
City of Manila,1380600000,2025-12,2
City of Marikina,1380700000,2022-04,2
City of Marikina,1380700000,2022-06,2
City of Marikina,1380700000,2022-07,2
City of Marikina,1380700000,2022-08,1
City of Marikina,1380700000,2022-09,4
City of Marikina,1380700000,2022-12,1
City of Marikina,1380700000,2023-01,1
City of Marikina,1380700000,2023-07,5
City of Marikina,1380700000,2023-08,4
City of Marikina,1380700000,2023-09,2
City of Marikina,1380700000,2024-06,2
City of Marikina,1380700000,2024-07,9
City of Marikina,1380700000,2024-08,4
City of Marikina,1380700000,2024-09,6
City of Marikina,1380700000,2024-10,5
City of Marikina,1380700000,2025-03,2
City of Marikina,1380700000,2025-05,1
City of Marikina,1380700000,2025-06,1
City of Marikina,1380700000,2025-07,10
City of Marikina,1380700000,2025-08,7
City of Marikina,1380700000,2025-09,3
City of Marikina,1380700000,2025-10,4
City of Masbate,504111000,2023-11,2
City of Masbate,504111000,2024-07,1
City of Masbate,504111000,2024-10,3
City of Masbate,504111000,2024-12,1
City of Masbate,504111000,2025-09,5
City of Masbate,504111000,2025-11,1
City of Mati,1102509000,2022-07,1
City of Mati,1102509000,2022-12,1
City of Mati,1102509000,2024-01,8
City of Mati,1102509000,2024-02,3
City of Mati,1102509000,2024-12,3
City of Mati,1102509000,2025-09,2
City of Mati,1102509000,2025-11,1
City of Meycauayan,301412000,2022-07,4
City of Meycauayan,301412000,2022-09,2
City of Meycauayan,301412000,2023-06,2
City of Meycauayan,301412000,2023-07,5
City of Meycauayan,301412000,2023-08,5
City of Meycauayan,301412000,2023-10,1
City of Meycauayan,301412000,2023-11,2
City of Meycauayan,301412000,2023-12,1
City of Meycauayan,301412000,2024-05,1
City of Meycauayan,301412000,2024-07,5
City of Meycauayan,301412000,2024-09,6
City of Meycauayan,301412000,2024-10,4
City of Meycauayan,301412000,2024-11,1
City of Meycauayan,301412000,2025-06,2
City of Meycauayan,301412000,2025-07,5
City of Meycauayan,301412000,2025-08,2
City of Meycauayan,301412000,2025-09,4
City of Meycauayan,301412000,2025-11,3
City of Meycauayan,301412000,2025-12,1
City of Muntinlupa,1380800000,2022-08,2
City of Muntinlupa,1380800000,2022-09,2
City of Muntinlupa,1380800000,2022-10,4
City of Muntinlupa,1380800000,2022-11,1
City of Muntinlupa,1380800000,2022-12,2
City of Muntinlupa,1380800000,2023-01,1
City of Muntinlupa,1380800000,2023-07,6
City of Muntinlupa,1380800000,2024-07,5
City of Muntinlupa,1380800000,2024-08,2
City of Muntinlupa,1380800000,2024-09,2
City of Muntinlupa,1380800000,2024-10,2
City of Muntinlupa,1380800000,2025-07,10
City of Muntinlupa,1380800000,2025-08,1
City of Muntinlupa,1380800000,2025-09,5
City of Naga,501724000,2022-08,1
City of Naga,501724000,2022-12,9
City of Naga,501724000,2023-04,3
City of Naga,501724000,2023-10,5
City of Naga,501724000,2023-11,1
City of Naga,501724000,2024-06,7
City of Naga,501724000,2024-08,2
City of Naga,501724000,2024-09,6
City of Naga,501724000,2024-10,7
City of Naga,501724000,2024-11,3
City of Naga,501724000,2025-03,1
City of Naga,501724000,2025-04,2
City of Naga,501724000,2025-06,1
City of Naga,501724000,2025-08,1
City of Naga,501724000,2025-09,3
City of Naga,501724000,2025-11,7
City of Naga,702234000,2022-01,2
City of Naga,702234000,2022-08,2
City of Naga,702234000,2023-05,1
City of Naga,702234000,2024-08,1
City of Naga,702234000,2024-09,4
City of Naga,702234000,2024-10,6
City of Naga,702234000,2025-06,2
City of Naga,702234000,2025-11,3
City of Navotas,1380900000,2022-09,5
City of Navotas,1380900000,2023-04,1
City of Navotas,1380900000,2023-07,1
City of Navotas,1380900000,2024-06,2
City of Navotas,1380900000,2024-07,6
City of Navotas,1380900000,2024-08,3
City of Navotas,1380900000,2024-09,3
City of Navotas,1380900000,2024-10,3
City of Navotas,1380900000,2024-11,6
City of Navotas,1380900000,2024-12,1
City of Navotas,1380900000,2025-06,4
City of Navotas,1380900000,2025-07,11
City of Navotas,1380900000,2025-08,2
City of Navotas,1380900000,2025-09,2
City of Navotas,1380900000,2025-11,4
City of Olongapo,331400000,2023-01,4
City of Olongapo,331400000,2023-07,5
City of Olongapo,331400000,2023-08,1
City of Olongapo,331400000,2023-09,1
City of Olongapo,331400000,2024-07,2
City of Olongapo,331400000,2025-07,6
City of Olongapo,331400000,2025-10,3
City of Olongapo,331400000,2025-11,1
City of Oroquieta,1004209000,2022-12,4
City of Oroquieta,1004209000,2023-01,3
City of Oroquieta,1004209000,2023-11,3
City of Oroquieta,1004209000,2024-11,1
City of Oroquieta,1004209000,2024-12,1
City of Ozamiz,1004210000,2022-12,1
City of Ozamiz,1004210000,2023-01,3
City of Ozamiz,1004210000,2023-11,3
City of Ozamiz,1004210000,2024-12,3
City of Ozamiz,1004210000,2025-03,1
City of Pagadian,907322000,2022-07,1
City of Pagadian,907322000,2023-07,2
City of Panabo,1102315000,2022-04,3
City of Panabo,1102315000,2022-05,1
City of Panabo,1102315000,2024-01,6
City of Panabo,1102315000,2024-02,2
City of Panabo,1102315000,2024-12,2
City of Panabo,1102315000,2025-01,2
City of Parañaque,1381000000,2022-05,1
City of Parañaque,1381000000,2022-08,2
City of Parañaque,1381000000,2022-09,2
City of Parañaque,1381000000,2022-10,4
City of Parañaque,1381000000,2023-03,2
City of Parañaque,1381000000,2023-07,4
City of Parañaque,1381000000,2023-09,2
City of Parañaque,1381000000,2024-02,2
City of Parañaque,1381000000,2024-03,1
City of Parañaque,1381000000,2024-07,5
City of Parañaque,1381000000,2024-08,1
City of Parañaque,1381000000,2024-09,5
City of Parañaque,1381000000,2024-10,1
City of Parañaque,1381000000,2025-05,3
City of Parañaque,1381000000,2025-07,9
City of Parañaque,1381000000,2025-08,8
City of Parañaque,1381000000,2025-09,8
City of Parañaque,1381000000,2025-10,1
City of Parañaque,1381000000,2025-11,3
City of Pasig,1381200000,2022-02,2
City of Pasig,1381200000,2022-09,1
City of Pasig,1381200000,2022-10,1
City of Pasig,1381200000,2022-12,1
City of Pasig,1381200000,2023-04,1
City of Pasig,1381200000,2023-07,6
City of Pasig,1381200000,2024-07,9
City of Pasig,1381200000,2024-08,2
City of Pasig,1381200000,2024-09,4
City of Pasig,1381200000,2024-10,2
City of Pasig,1381200000,2025-06,3
City of Pasig,1381200000,2025-07,13
City of Pasig,1381200000,2025-08,7
City of Pasig,1381200000,2025-09,5
City of Pasig,1381200000,2025-10,3
City of Pasig,1381200000,2025-11,2
City of Passi,603035000,2022-04,4
City of Passi,603035000,2022-10,8
City of Passi,603035000,2023-05,2
City of Passi,603035000,2023-08,1
City of Passi,603035000,2025-06,1
City of Passi,603035000,2025-09,1
City of Passi,603035000,2025-11,3
City of Puerto Princesa,1731500000,2022-03,1
City of Puerto Princesa,1731500000,2022-10,6
City of Puerto Princesa,1731500000,2022-11,1
City of Puerto Princesa,1731500000,2022-12,1
City of Puerto Princesa,1731500000,2023-07,3
City of Puerto Princesa,1731500000,2023-12,2
City of Puerto Princesa,1731500000,2024-09,7
City of Puerto Princesa,1731500000,2024-10,1
City of Puerto Princesa,1731500000,2024-12,4
City of Puerto Princesa,1731500000,2025-02,11
City of Puerto Princesa,1731500000,2025-06,1
City of Puerto Princesa,1731500000,2025-07,7
City of Puerto Princesa,1731500000,2025-08,2
City of Puerto Princesa,1731500000,2025-10,1
City of Puerto Princesa,1731500000,2025-11,3
City of Roxas,601914000,2022-04,7
City of Roxas,601914000,2022-10,1
City of Roxas,601914000,2023-02,2
City of Roxas,601914000,2023-05,1
City of Roxas,601914000,2024-08,1
City of Roxas,601914000,2024-09,2
City of Roxas,601914000,2024-10,2
City of Roxas,601914000,2025-08,2
City of Roxas,601914000,2025-10,5
City of Roxas,601914000,2025-11,5
City of Sagay,604523000,2022-04,1
City of Sagay,604523000,2023-01,2
City of Sagay,604523000,2023-07,3
City of Sagay,604523000,2024-10,7
City of Sagay,604523000,2024-12,2
City of Sagay,604523000,2025-07,7
City of Sagay,604523000,2025-08,2
City of Sagay,604523000,2025-11,6
City of San Carlos,105532000,2024-09,1
City of San Carlos,105532000,2025-02,1
City of San Carlos,105532000,2025-07,5
City of San Carlos,105532000,2025-08,2
City of San Carlos,105532000,2025-11,2
City of San Carlos,604524000,2022-10,4
City of San Carlos,604524000,2023-05,3
City of San Carlos,604524000,2023-08,3
City of San Carlos,604524000,2023-09,1
City of San Carlos,604524000,2024-11,1
City of San Carlos,604524000,2025-02,1
City of San Carlos,604524000,2025-05,1
City of San Carlos,604524000,2025-07,7
City of San Carlos,604524000,2025-09,2
City of San Carlos,604524000,2025-11,8
City of San Fernando,103314000,2023-07,1
City of San Fernando,103314000,2024-07,4
City of San Fernando,103314000,2024-09,3
City of San Fernando,103314000,2024-10,2
City of San Fernando,103314000,2025-07,7
City of San Fernando,103314000,2025-09,1
City of San Fernando,305416000,2022-08,2
City of San Fernando,305416000,2023-07,2
City of San Fernando,305416000,2023-08,1
City of San Fernando,305416000,2023-12,2
City of San Fernando,305416000,2024-07,8
City of San Fernando,305416000,2024-08,3
City of San Fernando,305416000,2024-09,2
City of San Fernando,305416000,2024-10,2
City of San Fernando,305416000,2024-11,3
City of San Fernando,305416000,2025-06,1
City of San Fernando,305416000,2025-07,1
City of San Fernando,305416000,2025-08,2
City of San Fernando,305416000,2025-09,6
City of San Fernando,305416000,2025-10,1
City of San Jose Del Monte,301420000,2022-09,2
City of San Jose Del Monte,301420000,2022-10,3
City of San Jose Del Monte,301420000,2023-07,3
City of San Jose Del Monte,301420000,2023-08,3
City of San Jose Del Monte,301420000,2024-07,3
City of San Jose Del Monte,301420000,2024-09,1
City of San Jose Del Monte,301420000,2024-10,1
City of San Jose Del Monte,301420000,2025-04,1
City of San Jose Del Monte,301420000,2025-06,4
City of San Jose Del Monte,301420000,2025-07,4
City of San Jose Del Monte,301420000,2025-08,1
City of San Jose Del Monte,301420000,2025-11,2
City of San Juan,1381400000,2022-10,1
City of San Juan,1381400000,2023-07,1
City of San Juan,1381400000,2023-09,1
City of San Juan,1381400000,2024-07,3
City of San Juan,1381400000,2024-08,1
City of San Juan,1381400000,2025-07,11
City of San Juan,1381400000,2025-09,2
City of San Pablo,403424000,2022-10,2
City of San Pablo,403424000,2022-11,1
City of San Pablo,403424000,2025-04,1
City of San Pablo,403424000,2025-07,1
City of San Pablo,403424000,2025-11,3
City of San Pablo,403424000,2025-12,3
City of San Pedro,403425000,2022-10,3
City of San Pedro,403425000,2022-11,3
City of San Pedro,403425000,2023-01,1
City of San Pedro,403425000,2023-03,1
City of San Pedro,403425000,2023-12,1
City of San Pedro,403425000,2024-01,1
City of San Pedro,403425000,2024-07,1
City of San Pedro,403425000,2024-09,5
City of San Pedro,403425000,2024-10,2
City of San Pedro,403425000,2025-02,3
City of San Pedro,403425000,2025-07,5
City of San Pedro,403425000,2025-08,2
City of San Pedro,403425000,2025-11,3
City of Santa Rosa,403428000,2022-10,5
City of Santa Rosa,403428000,2022-11,4
City of Santa Rosa,403428000,2023-01,1
City of Santa Rosa,403428000,2024-10,1
City of Santa Rosa,403428000,2025-07,1
City of Santa Rosa,403428000,2025-11,1
City of Santiago,203135000,2022-07,1
City of Santiago,203135000,2022-08,2
City of Santiago,203135000,2022-10,5
City of Santiago,203135000,2023-01,1
City of Santiago,203135000,2024-09,1
City of Santiago,203135000,2024-11,3
City of Santiago,203135000,2025-08,1
City of Santiago,203135000,2025-09,3
City of Santiago,203135000,2025-10,1
City of Santiago,203135000,2025-11,3
City of Silay,604526000,2022-01,2
City of Silay,604526000,2022-04,2
City of Silay,604526000,2023-07,4
City of Silay,604526000,2023-08,3
City of Silay,604526000,2023-09,1
City of Silay,604526000,2024-10,5
City of Silay,604526000,2024-12,7
City of Silay,604526000,2025-07,1
City of Silay,604526000,2025-09,1
City of Silay,604526000,2025-11,2
City of Sipalay,604527000,2022-09,1
City of Sipalay,604527000,2022-10,4
City of Sipalay,604527000,2023-07,4
City of Sipalay,604527000,2024-09,7
City of Sipalay,604527000,2024-10,5
City of Sipalay,604527000,2025-07,7
City of Sipalay,604527000,2025-08,3
City of Sipalay,604527000,2025-11,5
City of Sorsogon,506216000,2023-01,4
City of Sorsogon,506216000,2024-10,5
City of Sorsogon,506216000,2024-11,1
City of Sorsogon,506216000,2024-12,2
City of Sorsogon,506216000,2025-01,1
City of Sorsogon,506216000,2025-11,3
City of Sorsogon,506216000,2025-12,1
City of Sto. Tomas,401028000,2022-10,1
City of Sto. Tomas,401028000,2023-08,1
City of Sto. Tomas,401028000,2024-10,1
City of Sto. Tomas,401028000,2025-07,1
City of Surigao,1606724000,2022-01,2
City of Surigao,1606724000,2022-12,1
City of Surigao,1606724000,2025-03,1
City of Surigao,1606724000,2025-11,1
City of Tabaco,500517000,2024-10,4
City of Tabaco,500517000,2025-01,2
City of Tabaco,500517000,2025-02,1
City of Tabaco,500517000,2025-11,1
City of Tabuk,1403213000,2022-07,4
City of Tabuk,1403213000,2022-08,2
City of Tabuk,1403213000,2022-09,2
City of Tabuk,1403213000,2022-11,1
City of Tabuk,1403213000,2023-09,1
City of Tabuk,1403213000,2024-09,1
City of Tabuk,1403213000,2025-09,3
City of Tabuk,1403213000,2025-11,7
City of Tacloban,831600000,2022-04,2
City of Tacloban,831600000,2023-01,4
City of Tacloban,831600000,2025-02,3
City of Tacloban,831600000,2025-03,1
City of Tacloban,831600000,2025-09,5
City of Tacloban,831600000,2025-11,1
City of Tacurong,1206511000,2022-05,2
City of Tacurong,1206511000,2023-06,2
City of Tacurong,1206511000,2024-12,1
City of Tacurong,1206511000,2025-09,2
City of Tacurong,1206511000,2025-10,1
City of Tagaytay,402119000,2024-07,1
City of Tagaytay,402119000,2025-09,1
City of Tagaytay,402119000,2025-10,3
City of Tagbilaran,701242000,2023-02,1
City of Tagbilaran,701242000,2024-10,2
City of Tagbilaran,701242000,2025-07,3
City of Tagbilaran,701242000,2025-11,6
City of Taguig,1381500000,2022-01,7
City of Taguig,1381500000,2022-03,2
City of Taguig,1381500000,2022-07,3
City of Taguig,1381500000,2022-09,1
City of Taguig,1381500000,2022-10,3
City of Taguig,1381500000,2022-11,1
City of Taguig,1381500000,2023-05,2
City of Taguig,1381500000,2023-07,3
City of Taguig,1381500000,2023-11,1
City of Taguig,1381500000,2024-05,1
City of Taguig,1381500000,2024-07,7
City of Taguig,1381500000,2024-09,3
City of Taguig,1381500000,2024-10,4
City of Taguig,1381500000,2024-12,1
City of Taguig,1381500000,2025-06,2
City of Taguig,1381500000,2025-07,5
City of Taguig,1381500000,2025-08,4
City of Taguig,1381500000,2025-09,3
City of Taguig,1381500000,2025-10,1
City of Taguig,1381500000,2025-11,7
City of Taguig,1381500000,2025-12,1
City of Tagum,1102319000,2022-01,7
City of Tagum,1102319000,2022-03,1
City of Tagum,1102319000,2023-01,5
City of Tagum,1102319000,2023-08,2
City of Tagum,1102319000,2024-01,8
City of Tagum,1102319000,2024-02,6
City of Tagum,1102319000,2025-10,1
City of Talisay,604528000,2022-04,2
City of Talisay,604528000,2023-01,3
City of Talisay,604528000,2023-08,3
City of Talisay,604528000,2023-09,1
City of Talisay,604528000,2024-07,2
City of Talisay,604528000,2024-08,1
City of Talisay,604528000,2025-06,1
City of Talisay,604528000,2025-07,9
City of Talisay,604528000,2025-09,1
City of Talisay,604528000,2025-10,1
City of Talisay,604528000,2025-11,5
City of Talisay,702250000,2022-07,4
City of Talisay,702250000,2022-08,1
City of Talisay,702250000,2022-09,1
City of Talisay,702250000,2022-12,1
City of Talisay,702250000,2023-09,2
City of Talisay,702250000,2023-10,4
City of Talisay,702250000,2023-11,2
City of Talisay,702250000,2024-05,1
City of Talisay,702250000,2024-07,4
City of Talisay,702250000,2024-09,1
City of Talisay,702250000,2024-10,5
City of Talisay,702250000,2024-11,6
City of Talisay,702250000,2025-01,3
City of Talisay,702250000,2025-02,4
City of Talisay,702250000,2025-04,1
City of Talisay,702250000,2025-05,2
City of Talisay,702250000,2025-07,9
City of Talisay,702250000,2025-08,6
City of Talisay,702250000,2025-09,2
City of Talisay,702250000,2025-10,4
City of Talisay,702250000,2025-11,11
City of Tanauan,401031000,2024-07,1
City of Tanauan,401031000,2024-10,3
City of Tanauan,401031000,2025-07,2
City of Tanauan,401031000,2025-08,2
City of Tandag,1606819000,2022-12,4
City of Tandag,1606819000,2024-06,2
City of Tangub,1004215000,2023-08,2
City of Tanjay,704621000,2023-01,2
City of Tarlac,306916000,2022-09,2
City of Tarlac,306916000,2023-07,1
City of Tarlac,306916000,2025-07,5
City of Tarlac,306916000,2025-09,3
City of Tarlac,306916000,2025-10,2
City of Tayabas,405647000,2024-10,1
City of Toledo,702251000,2022-08,5
City of Toledo,702251000,2024-11,2
City of Toledo,702251000,2025-07,6
City of Toledo,702251000,2025-11,6
City of Trece Martires,402122000,2022-10,5
City of Trece Martires,402122000,2022-11,2
City of Trece Martires,402122000,2022-12,1
City of Trece Martires,402122000,2023-07,1
City of Trece Martires,402122000,2023-08,2
City of Trece Martires,402122000,2024-04,2
City of Trece Martires,402122000,2024-07,8
City of Trece Martires,402122000,2024-09,4
City of Trece Martires,402122000,2025-07,5
City of Trece Martires,402122000,2025-09,5
City of Trece Martires,402122000,2025-11,2
City of Urdaneta,105546000,2024-07,2
City of Urdaneta,105546000,2025-09,4
City of Valencia,1001321000,2022-04,2
City of Valencia,1001321000,2022-08,1
City of Valencia,1001321000,2023-06,1
City of Valencia,1001321000,2024-07,3
City of Valencia,1001321000,2024-09,1
City of Valencia,1001321000,2024-10,2
City of Valencia,1001321000,2024-11,1
City of Valencia,1001321000,2024-12,1
City of Valencia,1001321000,2025-02,1
City of Valencia,1001321000,2025-09,5
City of Valenzuela,1381600000,2022-06,2
City of Valenzuela,1381600000,2022-07,3
City of Valenzuela,1381600000,2022-08,4
City of Valenzuela,1381600000,2022-09,3
City of Valenzuela,1381600000,2022-10,2
City of Valenzuela,1381600000,2022-12,1
City of Valenzuela,1381600000,2023-01,1
City of Valenzuela,1381600000,2023-04,2
City of Valenzuela,1381600000,2023-05,1
City of Valenzuela,1381600000,2023-06,3
City of Valenzuela,1381600000,2023-07,9
City of Valenzuela,1381600000,2023-08,2
City of Valenzuela,1381600000,2023-09,3
City of Valenzuela,1381600000,2024-07,10
City of Valenzuela,1381600000,2024-08,2
City of Valenzuela,1381600000,2024-09,5
City of Valenzuela,1381600000,2024-10,4
City of Valenzuela,1381600000,2025-01,1
City of Valenzuela,1381600000,2025-06,1
City of Valenzuela,1381600000,2025-07,14
City of Valenzuela,1381600000,2025-08,6
City of Valenzuela,1381600000,2025-09,3
City of Valenzuela,1381600000,2025-11,1
City of Victorias,604531000,2022-04,2
City of Victorias,604531000,2023-12,1
City of Victorias,604531000,2024-12,8
City of Vigan,102934000,2022-08,2
City of Vigan,102934000,2023-07,3
City of Vigan,102934000,2023-08,2
City of Vigan,102934000,2024-07,2
City of Vigan,102934000,2025-07,6
City of Vigan,102934000,2025-08,1
City of Zamboanga,931700000,2022-04,6
City of Zamboanga,931700000,2022-05,5
City of Zamboanga,931700000,2022-07,1
City of Zamboanga,931700000,2022-08,2
City of Zamboanga,931700000,2022-10,4
City of Zamboanga,931700000,2022-12,8
City of Zamboanga,931700000,2023-01,12
City of Zamboanga,931700000,2023-02,1
City of Zamboanga,931700000,2023-08,4
City of Zamboanga,931700000,2023-09,1
City of Zamboanga,931700000,2024-07,10
City of Zamboanga,931700000,2024-08,1
City of Zamboanga,931700000,2024-09,4
City of Zamboanga,931700000,2024-10,5
City of Zamboanga,931700000,2025-06,8
City of Zamboanga,931700000,2025-07,6
City of Zamboanga,931700000,2025-08,2
City of Zamboanga,931700000,2025-09,3
City of Zamboanga,931700000,2025-10,3
City of Zamboanga,931700000,2025-11,7
City of Zamboanga,931700000,2025-12,6
Danao City,702223000,2022-12,2
Danao City,702223000,2024-09,1
Danao City,702223000,2024-11,3
Danao City,702223000,2025-11,2
Island Garden City of Samal,1102317000,2023-07,4
Island Garden City of Samal,1102317000,2024-01,5
Island Garden City of Samal,1102317000,2025-07,2
Island Garden City of Samal,1102317000,2025-08,2
Mabalacat City,305409000,2024-07,2
Mabalacat City,305409000,2025-10,1
Ormoc City,803738000,2022-04,1
Ormoc City,803738000,2022-07,1
Ormoc City,803738000,2022-10,6
Ormoc City,803738000,2023-01,2
Ormoc City,803738000,2023-02,7
Ormoc City,803738000,2024-07,3
Ormoc City,803738000,2024-10,2
Ormoc City,803738000,2024-11,1
Ormoc City,803738000,2025-09,5
Ormoc City,803738000,2025-10,2
Pasay City,1381100000,2022-07,1
Pasay City,1381100000,2022-09,1
Pasay City,1381100000,2023-02,1
Pasay City,1381100000,2023-07,2
Pasay City,1381100000,2023-08,4
Pasay City,1381100000,2023-09,5
Pasay City,1381100000,2024-07,7
Pasay City,1381100000,2024-08,3
Pasay City,1381100000,2024-09,3
Pasay City,1381100000,2025-03,1
Pasay City,1381100000,2025-04,1
Pasay City,1381100000,2025-06,1
Pasay City,1381100000,2025-07,7
Pasay City,1381100000,2025-08,4
Pasay City,1381100000,2025-09,2
Quezon City,1381300000,2022-04,2
Quezon City,1381300000,2022-05,2
Quezon City,1381300000,2022-06,1
Quezon City,1381300000,2022-07,4
Quezon City,1381300000,2022-08,4
Quezon City,1381300000,2022-09,5
Quezon City,1381300000,2022-10,3
Quezon City,1381300000,2023-01,1
Quezon City,1381300000,2023-04,2
Quezon City,1381300000,2023-06,4
Quezon City,1381300000,2023-07,3
Quezon City,1381300000,2023-08,5
Quezon City,1381300000,2023-09,7
Quezon City,1381300000,2023-12,1
Quezon City,1381300000,2024-02,3
Quezon City,1381300000,2024-03,1
Quezon City,1381300000,2024-05,5
Quezon City,1381300000,2024-06,1
Quezon City,1381300000,2024-07,12
Quezon City,1381300000,2024-08,8
Quezon City,1381300000,2024-09,9
Quezon City,1381300000,2024-10,8
Quezon City,1381300000,2024-12,2
Quezon City,1381300000,2025-02,1
Quezon City,1381300000,2025-03,3
Quezon City,1381300000,2025-04,1
Quezon City,1381300000,2025-05,2
Quezon City,1381300000,2025-06,10
Quezon City,1381300000,2025-07,21
Quezon City,1381300000,2025-08,8
Quezon City,1381300000,2025-09,14
Quezon City,1381300000,2025-10,11
Quezon City,1381300000,2025-11,7
San Jose City,304926000,2024-07,3
San Jose City,304926000,2025-02,3
San Jose City,304926000,2025-07,1
Science City of Muñoz,304917000,2024-07,1
Science City of Muñoz,304917000,2025-08,1
Tuguegarao City,201529000,2022-08,3
Tuguegarao City,201529000,2022-10,5
Tuguegarao City,201529000,2022-11,2
Tuguegarao City,201529000,2023-01,1
Tuguegarao City,201529000,2023-07,1
Tuguegarao City,201529000,2023-08,4
Tuguegarao City,201529000,2024-03,1
Tuguegarao City,201529000,2024-10,7
Tuguegarao City,201529000,2024-11,7
Tuguegarao City,201529000,2024-12,3
Tuguegarao City,201529000,2025-07,1
Tuguegarao City,201529000,2025-09,3
Tuguegarao City,201529000,2025-10,5
Tuguegarao City,201529000,2025-11,17
Tuguegarao City,201529000,2025-12,1
